feature_1,feature_2,class
14.96042501440548,0.7741923647769732,1
4.619748707143177,0.6643925607859948,1
1.44748139236546,0.4694331471008655,0
-7.490322472870414,0.3936107643227372,0
2.318766672056467,0.4525345552185043,0
-2.1723758634259376,0.5698406005215855,1
9.968608364559632,0.7039574664387197,1
-8.422455022805767,0.37760285080740574,0
-12.847711394972798,0.44285216025140695,1
1.872099344765576,0.4655859405904949,0
6.369151103107132,0.6996723261991364,1
-0.08439553607084882,0.6285787379752636,1
9.107084710763443,0.6521071822351572,0
0.8992049192321923,0.6009871460433405,1
1.0619946295754683,0.43581101932142874,0
-3.6712010118030802,0.5403901293290793,1
-2.1325592619286695,0.5818868955114098,1
4.365976887556914,0.47920963840357167,0
0.6921763004852759,0.4655780766229908,0
4.66716243079982,0.5554534687995646,0
1.189156946330736,0.631163281239436,1
-3.1093542926089333,0.5947614379281545,1
8.594923733519373,0.7600245613301915,1
-2.4986005377293496,0.5754968167029827,1
-11.532868639899943,0.4802177198887174,1
6.375444672721564,0.562148864919144,0
12.095780648657485,0.7434065295652321,1
-3.803071465289875,0.5877071706215867,1
-1.8218445147434004,0.603378992512718,1
8.35301210018332,0.7141311860979616,1
-3.744485344720478,0.5746316461720508,1
10.011168814863264,0.582932860454544,0
-2.9294252595354555,0.5904293945083637,1
11.630725093483242,0.8453127535892744,1
0.07094236916012298,0.470793662188772,0
-3.41718792602056,0.381081200486563,0
0.6722218064365633,0.3903455176953625,0
7.764487180291584,0.5491369769056332,0
10.408540016241343,0.7274808172309943,1
6.80095660467747,0.5455488696213692,0
10.109249953366199,0.7819544860308338,1
2.6043926171219267,0.45928881992726117,0
0.8525804017072354,0.6484588349025442,1
0.17788328007070886,0.555984840919881,1
9.529586272360607,0.729151822987184,1
15.668027339663979,0.6046164089954976,0
1.2609335441739784,0.5191028544163535,0
-0.5420705779888002,0.4540598102921615,0
3.34760547667568,0.510075431321071,0
2.667345507537931,0.6832707307130295,1
6.178424748744878,0.581855940932825,0
-4.015979205441014,0.41011033309875156,0
13.414660767116235,0.8103845248083128,1
2.770864482631278,0.6513342867889932,1
6.445907040432534,0.4816510696034215,0
11.853539072636192,0.6104328332488175,0
2.4675560060966366,0.5078883703664601,0
-2.4696485940381905,0.42283913716404264,0
3.499141076854852,0.5275813981735324,0
12.500723572048646,0.7433607558622592,1
9.408252716254285,0.5975371889157235,0
-4.491435438226796,0.37064192871531243,0
-2.816985010947757,0.4566135059312507,0
8.315634298761605,0.5178947011528541,0
-3.3140094883693685,0.6009496126941645,1
-7.007938080901248,0.3501350461453455,0
7.499607757464277,0.5458242207810204,0
-10.30346055976957,0.5381572224287277,1
10.447206704591443,0.7205858349796092,1
1.881900548498294,0.5196040211937544,0
0.7288256232158357,0.5176530588031732,0
-0.09202737521623039,0.6261304162895652,1
-0.21176743035639412,0.591598982517219,1
11.851905908040981,0.5764573595477053,0
-0.38233081589252116,0.3874275987193446,0
1.4134370455848997,0.6168580030090884,1
-4.367596845335364,0.39737460465206004,0
3.592181363942295,0.4824097438691708,0
1.6587165832703308,0.5142372945898671,0
3.3498013303543064,0.6319557833983005,1
-6.497840059117976,0.5047838538751128,1
0.40533715066039866,0.4393268038046343,0
3.3085996716975186,0.543890636276062,0
-1.414966262435791,0.528321000949412,1
4.61712675729609,0.6907343858624602,1
12.307286972095628,0.6201631896826083,0
1.7267627357112478,0.47112635020560784,0
-3.6311969507659407,0.5582588311939221,1
1.9415186153898207,0.5907806239496916,1
10.049628329704756,0.7118703982241076,1
-2.0527203776348264,0.6388168771627871,1
-7.132844387742985,0.36053986000722327,0
0.3646312907012472,0.48787077485825037,0
3.1029840630641474,0.7203368565111378,1
-1.7552866218299865,0.5758867898293977,1
-1.1033268683320734,0.43913093353100274,0
6.531715534486799,0.5083567870855737,0
5.5035292225713865,0.5606416187271195,0
2.455036893643095,0.6727838564481093,1
2.9430330144347177,0.5642615764785442,0
-1.255281571851544,0.7070188838747721,1
0.5561497698611273,0.4468619656351668,0
5.688677218869997,0.6927394816338295,1
3.9802776131866624,0.6520146336283188,1
8.834676971332453,0.5891193842627348,0
5.850724515194146,0.5237360037269787,0
-4.727513881085312,0.3830740519491284,0
-0.3944699338196229,0.5546180086788228,1
5.413802495593653,0.49904647856028095,0
1.301422896294416,0.5996259303797422,1
1.2574042671878705,0.45940097045511247,0
2.4016196618763024,0.6168699688692032,1
5.991387744297468,0.45319498033064554,0
6.9255472440765935,0.5477522798682029,0
-8.66553409066026,0.34611691891697993,0
-6.4843099104362185,0.40787856364083674,0
8.540912776554226,0.7105325618650086,1
7.720760693446528,0.5766201750635123,0
7.119339821849038,0.5500869768734559,0
12.667822756439529,0.77056224760535,1
-1.6481947100187408,0.5912642220349636,1
-1.263543085424895,0.6226650622846486,1
6.344302507230136,0.7171131458591102,1
11.002645738710866,0.6387590019767081,0
-7.531398056961825,0.4183748286153881,0
7.3274619660730735,0.7090000841699278,1
10.843562195001859,0.7614677180845988,1
4.8545234248703775,0.6409375467415064,1
9.599191337195247,0.7711757423588562,1
-5.058811567142171,0.45937059685591614,0
4.948409151416588,0.6822096871653441,1
-9.299984772517684,0.33575227531308527,0
-1.66902143616554,0.5647407502398567,1
0.8307525865592171,0.5841505699697155,1
3.4490903507016433,0.507423460635332,0
6.306345210532608,0.4820899054710991,0
3.8975120243558576,0.5165177965524224,0
5.80645418260964,0.504241309175763,0
3.5309968950406576,0.6892233440393907,1
0.15240050999386012,0.49201002424510193,0
0.3256730218957924,0.6245418823425638,1
-0.8501388704334696,0.40715742528599674,0
1.9597664606310148,0.7489999179127117,1
-7.903799368385586,0.378761324712494,0
-2.299761615074339,0.4300632362562318,0
-0.09194795693711066,0.6480457177779332,1
2.297255083873162,0.5241031119252385,0
7.511567563991604,0.7235307215443403,1
4.05409510185906,0.5290678160730073,0
-2.1603343080697615,0.6016940723953295,1
-1.4556689180136866,0.5692580242676548,1
10.719640070926923,0.723406819800539,1
0.5515442632895338,0.6394919321234668,1
8.124474933004647,0.6865287649562654,1
-0.624406069665238,0.45172993501943215,0
5.967924548380264,0.6638848995219461,1
-1.919593003141741,0.5798731723932468,1
0.5342997963300313,0.4232677960055883,0
1.7776273273317587,0.48565665399084523,0
-3.289366086288074,0.4160120780488091,0
8.850404586045642,0.6065233203407308,0
-1.9963093587265428,0.42809080908663677,0
6.662159948493473,0.7127637105195543,1
0.2872267377133344,0.6578398890427298,1
-4.349351887130373,0.37712824767721465,0
4.494273140694375,0.4980940213311222,0
-0.9371771162328284,0.5999722628282322,1
10.023227163117049,0.6859601422450383,1
-4.462214820761459,0.49373699577486235,1
6.140707196525808,0.5411937197170955,0
-8.170031069933941,0.3354581063663239,0
6.55733502413162,0.6834662131950863,1
-6.349892335485745,0.3566890648623006,0
9.12148356639026,0.5637924185713097,0
-5.512962358583653,0.4248609938321883,0
-16.972057351189978,0.21702393745717252,0
14.30548038769259,0.7619429061706898,1
-5.0678527231862445,0.41100966339009454,0
3.0681746927119797,0.456186129444135,0
-1.621089583229768,0.6387112522311162,1
1.952289310244041,0.4986578517151049,0
-3.9662252556717235,0.33291643636342233,0
9.252161571589017,0.5894332575319214,0
-2.6382652587580004,0.3878233650852034,0
9.030430390972764,0.7175589836785765,1
5.32967811046753,0.6400791035458806,1
0.2777192191450304,0.584386833727253,1
-13.691438771455683,0.30100956926841244,0
12.624639720353747,0.8058458354576866,1
-4.3422733452836635,0.6108682098366441,1
6.85324019619832,0.47477817087383306,0
7.195213040744732,0.7553581726217848,1
8.241825501840568,0.6680557781762251,1
-0.730077457770566,0.5731887673465718,1
10.306445958250384,0.7685243003685798,1
-4.824186501208638,0.3804610263115472,0
3.8348686844674704,0.7015874040301897,1
-4.062204145814027,0.43600681372111183,0
9.720590408431331,0.7471014559191729,1
3.6816857551065705,0.5303174510516232,0
0.8954161243846799,0.6134078776047422,1
10.366575696040695,0.6228270220396772,0
2.8131341438031003,0.48005558261127657,0
-7.401272404710552,0.3785625846684168,0
-4.56641061103484,0.5104604458862045,1
13.14664192019758,0.811570675306788,1
7.301242978020069,0.5546964387909853,0
11.144800650824385,0.6160032888664075,0
6.954038305090243,0.6054703658444142,0
0.40045620290607165,0.6170213417640342,1
8.76445157669319,0.5983248463057625,0
5.528052762221386,0.7183532065118616,1
1.6081757347005947,0.7013763182100535,1
16.65488023919481,0.9019085475329515,1
6.691052754346123,0.5322128132605626,0
10.229729999419646,0.5714103049469937,0
-8.564729808952965,0.46285342151014275,1
-1.6122771511209208,0.45210453794998723,0
-0.9927750772057231,0.5842222819133535,1
13.335412347405008,0.5875718058381976,0
-0.5505570589945594,0.6556272026386165,1
6.373553799155681,0.6856368299925285,1
11.469754535265125,0.6743724209515742,0
4.382564711195913,0.47489274293880523,0
-7.800878948766245,0.4200369910393419,0
11.100815151091103,0.5811227825382939,0
5.530481947658912,0.5444438768389749,0
2.1201591097756802,0.4081633773601376,0
-4.123301995921702,0.5258600611515567,1
3.801639479711507,0.6926655156506507,1
-0.2731554057008818,0.6146430869072116,1
1.2159323807073592,0.5375393032358501,0
-5.331580407596121,0.40135623973667106,0
6.27961477678749,0.6469553399691986,1
12.66676430104108,0.8040469762045331,1
0.11897854378344563,0.6521305001849156,1
8.929960856499747,0.7390015473570833,1
7.470401929704226,0.7609553830034077,1
-4.285064539081006,0.481613829844156,1
15.681849684409118,0.7537907381823667,1
4.897724423408974,0.5371682714967595,0
4.7388966164181285,0.6982652184164908,1
-5.1973142103404735,0.49999993386961006,1
2.1313507075734575,0.5358021301372247,0
4.791783053753234,0.568232701774398,0
2.6621363167857988,0.4605644086377573,0
2.7485416870997916,0.6578618534236583,1
16.11942124030066,0.7814472403853943,1
4.8355770588675515,0.6741242532043716,1
6.9588618520562955,0.557705766379102,0
11.011673133941688,0.7853577292620169,1
-2.7858801774441204,0.47386973097841634,0
4.583934138578867,0.6501728260135099,1
15.109656676565525,0.6443908869112367,0
5.981361386349874,0.7366743592843107,1
8.228065183730894,0.7447127082027145,1
6.451711198017101,0.5484723887030305,0
13.20715560021199,0.6373120941438525,0
-14.224959925794614,0.49408255831716374,1
4.359178590623886,0.6757704220969611,1
1.9600435468052781,0.6718272637849225,1
12.083513682692159,0.5714638751163563,0
6.3035242398035525,0.5362365688453424,0
-10.618056854056793,0.5185345664867894,1
1.605669991197881,0.714148124270331,1
9.404351557807637,0.7499877391631965,1
1.36286455503734,0.4365715383632673,0
-7.310295391518061,0.3732854231282807,0
3.1523143866555134,0.7162491724857205,1
-4.305257273010801,0.5641834613297909,1
10.598921664823752,0.5391920146300968,0
2.719020117519478,0.5440566741006874,0
7.393322646203783,0.6051698109216771,0
-0.7128382940130242,0.4710273111047316,1
5.4385866909032625,0.6796191181449623,1
0.17570333594615395,0.6320321477902481,1
5.85990800660014,0.6748899148405771,1
0.028435915123512512,0.6660042859475126,1
-4.008742955987123,0.4019344108627455,0
0.17385378693057785,0.6951712298475599,1
3.027067518411667,0.7078408362660847,1
-3.1729814871886397,0.5340163077704412,1
-2.996633567304513,0.5499237588094406,1
4.540695663696045,0.5343761851212891,0
-1.3839965682948399,0.4246696179346463,0
-8.110956243383434,0.386939491022563,0
10.850697220268227,0.5396286083918123,0
3.9530042782082457,0.6982637490913086,1
-4.827964476993509,0.4374188075416109,0
-3.2896792708649762,0.597060452971359,1
12.575171644938807,0.6103625770159291,0
1.0451246845612656,0.6142167511248346,1
-1.841003141610348,0.5027572724094627,0
-9.332850628451702,0.4883190471755001,1
2.634808473357072,0.678102975468163,1
3.7480109176618277,0.6709479672790308,1
2.3681673705973556,0.6740909343804625,1
-0.4959216083310829,0.6453046688270866,1
-4.153541920585764,0.6021200963396238,1
-5.008544566320786,0.46459122504055084,1
-4.768953452776996,0.43400196161112803,0
12.344499186243224,0.638188551676873,0
3.2761206981336306,0.6563999936680865,1
6.607579544359037,0.6546279881345515,1
3.960865840218854,0.4936456404358226,0
11.02700172283816,0.5803058373091671,0
-3.263917239100495,0.574214324481256,1
0.839501885117466,0.622399985136291,1
6.570376632028961,0.518074015966446,0
7.008479625555853,0.5525913577477096,0
5.9928448677956485,0.5212816777471178,0
5.976084332774189,0.6630586754474839,1
6.440841298830456,0.5688980589725028,0
-8.078091466363341,0.352963428850555,0
-2.2067633797009965,0.5975745380627582,1
6.145027055965346,0.6371685931600594,0
-5.732244850052913,0.34189239682168443,0
3.0228647775924418,0.6608400299421537,1
2.19275511638269,0.5255380819852196,0
5.2150401462463805,0.663128441107899,1
-3.528038515369796,0.5645005006309477,1
3.4857443874886114,0.6817063030814274,1
6.379365439753654,0.5591844711987262,0
8.215655746260751,0.7099756322144513,1
-3.0853110461859927,0.5829377537609086,1
7.123308308301702,0.6809929642933868,1
2.987784768706013,0.4940355753926532,0
-6.841469499071078,0.574522521469957,1
-1.5395474999593635,0.5082508389149786,0
-2.746598503792697,0.5125950061361795,0
0.27031080666908736,0.6422947217857262,1
1.977961188606431,0.6950069460750137,1
-7.0902520619521265,0.5088374973961935,1
16.00857618758255,0.7079157635266774,1
5.458155234125573,0.5247250229197322,0
6.77013850472656,0.7084845701899968,1
15.575612586724418,0.6665909198366361,0
2.092981251131837,0.5330164565511597,0
-3.506163789282043,0.47742436936682325,0
-6.254660872215036,0.3706329601562001,0
7.04374591945434,0.5643415458267551,0
2.7969625822396456,0.4868459761482781,0
4.872809883899093,0.6908921217863002,1
-1.8238755700958338,0.6442470712627331,1
-3.080564037379343,0.5962289359956893,1
-1.0139116080200927,0.6029103219129437,1
2.3842526903553294,0.43928219439220895,0
-2.559991005451101,0.643897298067323,1
6.366956638117173,0.5980684276289532,0
11.96459486656249,0.7912855559592679,1
9.49654820846612,0.6297464107676871,0
-10.708103061130325,0.33983910880449264,0
-10.532538671031627,0.2750376859953889,0
-1.435686716355678,0.6410692840478474,1
-5.5054220055285406,0.5805592568312025,1
5.19702966097826,0.6431081300917231,1
7.5836085354140845,0.5055915910074607,0
-5.7501066296262255,0.605654857000417,1
-1.0978454478959359,0.39745582245295313,0
-3.016959126179917,0.42455804682004483,0
-0.9040094420736553,0.41953235095433994,0
4.448524375587224,0.6467906312929042,1
-0.6664660666532414,0.6086606452535513,1
5.261629706720113,0.7413203707575664,1
1.2999003426986329,0.6584038272748948,1
6.979688949394663,0.75951224777617,1
-2.6983268563711125,0.3679611856477143,0
-4.998733862106702,0.3808499173631198,0
0.6272862712545779,0.4673621121437302,0
8.798377278903185,0.705706113596565,1
3.877222319691339,0.47836711306178215,0
4.928558109995469,0.6715101147941127,1
-5.052644533253889,0.5902843329751524,1
-4.621789830642075,0.5627974510631804,1
-2.185611334674814,0.6095765278985485,1
3.642866103474171,0.5513919795064998,1
-0.6600775721712391,0.5938124642373626,1
7.71441652892788,0.7366950660726257,1
15.699259547856325,0.8356549473910158,1
0.4585830879122299,0.5037301162961808,0
7.67687447643846,0.6605315287806277,1
5.619420459238176,0.6379514386103117,1
2.4969265435449466,0.6287057145933858,1
-1.0476966480211307,0.616101984262737,1
6.570621623165061,0.6644665666665348,1
2.3835671523395434,0.4862557658634092,0
-5.164891363561565,0.5449552504037353,1
8.329909792442294,0.758366848728347,1
9.33751699350453,0.5636896798453374,0
2.1210753249289884,0.6354568338864997,1
-3.5951300719179455,0.34565946453591406,0
10.276573919158961,0.7296431674295771,1
11.212568564631553,0.7788714807094166,1
8.751911530873906,0.6171642268379806,0
-6.759829496953262,0.49901146788678064,1
-0.907798894520297,0.48995457170724854,0
6.588808093397887,0.5893470005596262,0
0.056586451574499375,0.6266874342523722,1
6.104085483156012,0.6833997679167105,1
5.591260506027746,0.7282240029021353,1
2.618152895071989,0.665213066649817,1
-12.039668717576491,0.33108809982053206,0
0.6296364203118905,0.6802425971634238,1
8.294138919607812,0.7518338297211595,1
1.8084472545129318,0.4656961357653036,0
2.0222079337480854,0.7006658300772403,1
2.7504698865250568,0.4790360875941305,0
14.142145549791383,0.6907621499128399,0
0.8710754075343101,0.48227113936063876,0
0.287927505677652,0.6776740901572689,1
6.480488845413552,0.6455290929042449,1
-7.576422865585279,0.39212285307356226,0
5.9704820674692085,0.6900971074886761,1
5.569744793028267,0.5354759230674507,0
4.073571009000029,0.46284077536454427,0
-11.144282811637936,0.35086705007718905,0
0.23740182866756054,0.45189167949948666,0
3.3073591871012633,0.6066642797235234,1
4.955121068851199,0.5246629312001616,0
-8.601908141844573,0.4556158385006022,1
2.9173902448442575,0.5480331032925009,0
5.954926361915026,0.529332866774317,0
-0.5291869810829235,0.45033960895593184,0
-0.9381930175050628,0.4701271254127394,0
5.496816784951568,0.6879700043356163,1
-8.886885160677306,0.46386501438213823,1
-1.9080741989482002,0.6067030953104754,1
8.505688949562813,0.4820000061281804,0
0.43223292233290955,0.481900092564471,0
8.42269132532428,0.7476409010271785,1
3.3751315652107996,0.5542242819290594,0
-10.921238095200378,0.2957366062336584,0
-13.775330308312824,0.29447103969717014,0
1.3498864846464294,0.47684810726821764,0
2.001784464764611,0.5644195629263177,0
-1.077375055392872,0.5175365731588256,0
16.108957813783658,0.8455325670450915,1
1.16536561831409,0.48673691632606636,0
7.700286065321549,0.5563859008698819,0
5.44283491799615,0.6905301271256145,1
13.74891683556778,0.7793056685014601,1
3.6062087300337646,0.5405468033847467,0
-4.958500464290059,0.4043845183297584,0
2.6984638870089923,0.6824772030334415,1
1.7823458367153941,0.4676197487979074,0
7.627757527115451,0.758557057921067,1
8.644687188426708,0.7755830579063352,1
6.7258133861006435,0.517747023383868,0
4.774790782406198,0.7253168617923529,1
0.8692811139782639,0.673519516874395,1
1.6894956104086425,0.5139478238822119,0
5.980138634297935,0.5672458455900753,0
3.2249605295961836,0.46529830818914814,0
5.214839722361718,0.70841521469954,1
0.7082157809883598,0.6367570701539733,1
1.8564886726481298,0.587190227200405,1
-2.6777249667255703,0.5309063557926605,1
4.57863225796196,0.6546561953208145,1
-6.769676503116337,0.3921150616354245,0
0.24172963501993916,0.49627055602735964,0
1.3545461182818996,0.5315322069486192,0
-5.097324232557882,0.41946405738120696,0
4.206406486548855,0.5559339375877796,0
2.222846966984808,0.5017330009272097,0
-1.5010606018297832,0.36970718940709935,0
0.8090046583286881,0.46748948366539383,0
2.6244444685841715,0.4820220376376749,0
5.713695500302356,0.6953947619046386,1
-4.509223038289576,0.4491536760394681,0
6.337202944050535,0.6904935316141999,1
-0.30661825345613103,0.43753091842247815,0
2.6216971767673996,0.6608157615601069,1
2.706909752840801,0.5217992580913217,0
19.556584816918146,0.7151202621422609,0
2.5970839533776306,0.48073246416831134,0
0.33261640233441936,0.4567598866144775,0
-1.540189680738731,0.48991053303145043,0
-6.61604711912897,0.4368183643727689,0
-10.625406748846846,0.36030401071494605,0
2.259697936282564,0.492752569810421,0
2.225035689154614,0.6268298417721805,1
3.6187597970608083,0.5422081302115405,0
-3.6674699599572733,0.5551926799812259,1
1.9198177895740447,0.6338299042425068,1
3.57614179961222,0.6794753835221213,1
-7.1807798236738805,0.3359042946556329,0
-1.8131863974745652,0.45705644090559294,0
-16.151160910539506,0.3728617043724527,1
-4.434956804281807,0.5854367809933189,1
8.769164279025555,0.654495942462251,0
12.34525511611483,0.6016361566187273,0
-5.786503476475676,0.49707706862301526,1
-5.3264480202071045,0.5683405114090924,1
5.581186335283084,0.7009559233114937,1
14.36863525486756,0.7764431971316899,1
-3.3086381300778305,0.4829198731464162,0
10.151046424335274,0.5744244085657582,0
8.182290662272443,0.5536344449937591,0
6.3325600090839025,0.6371163146037205,1
-1.7409653749548424,0.6348854649344554,1
5.773760185871543,0.5330086248622716,0
6.5308906542410226,0.6841781416217207,1
14.113406950518595,0.6272028456864432,0
1.1454018274483126,0.5271115686770494,0
-1.2611796557986001,0.4228139268723557,0
-4.61118265645735,0.5729244078237523,1
-2.72003191775835,0.4059897307821042,0
-3.7254960302785634,0.4297493791240758,0
5.772242159915104,0.4910737925404085,0
5.681208193018352,0.6804481801731351,1
3.0200633607418865,0.46699821603863956,0
-1.3806802980146022,0.4876541897230878,0
2.2575216119475536,0.6981845553475177,1
5.131745212948305,0.7228497718739081,1
2.4093076860414664,0.6825932330280786,1
-6.241254383418564,0.3678023761487732,0
2.6169598066359088,0.5116675759306076,0
1.375530152595577,0.5331561185190742,0
0.7258765926703397,0.5656475269517665,1
-1.2868129393455363,0.579036912676653,1
-1.060359901415751,0.6366030264385906,1
-4.071953476715984,0.5705318202616476,1
5.4373546208587555,0.6703794660645702,1
7.152446001787982,0.5144512647894829,0
3.9131686224405637,0.6800142696007316,1
-0.44997798266980693,0.6143865440238895,1
12.14965566888238,0.5759778382122515,0
-1.987159699085285,0.6093090244792492,1
-2.751883087258901,0.464620646395865,0
4.138239626613155,0.5274193709869781,0
-9.912489654823412,0.49471806530364126,1
2.418411072306631,0.44758998026176716,0
0.030437840501436497,0.6227808775624691,1
9.650914399776541,0.7173674707915937,1
6.540564311712334,0.597283763984542,0
-7.6961823004469245,0.49084364536471553,1
5.6062031774017775,0.6988981962175601,1
3.6415037787264692,0.615730828236942,1
7.620569636923705,0.699012298641703,1
0.3589772411837391,0.4879206966624029,0
-9.542098783215941,0.44199213966396966,1
0.017918610833286497,0.6369695335285421,1
0.4368008383474389,0.518444360852313,0
4.044608140980429,0.48522136987841064,0
2.8321878216947796,0.5939029898615966,1
3.9453534522068363,0.7032219128641487,1
1.084445426226824,0.43407647336662664,0
-1.34459265922421,0.4453464644675233,0
8.338442498989185,0.6207675184395021,0
4.1132820736162286,0.466991213925607,0
7.032757686765537,0.772649735610231,1
4.8426779095971835,0.7289768573453431,1
4.80779292068038,0.558517052454112,0
2.8908429452834614,0.6379345667819548,1
-7.70580581895554,0.35639655419268884,0
2.411892762624171,0.4997516445757683,0
-2.7061555128508843,0.43233290777987193,0
6.448625431705031,0.7058802323226924,1
3.178836175106884,0.6426560033921729,1
5.943027677230413,0.5391147955258547,0
0.9504713682583601,0.4985546450797017,0
13.058486166814829,0.6127662696636375,0
-10.545024682073155,0.5246852742799502,1
9.649101618181593,0.6540953317744979,1
-0.2606472271206939,0.5835340651205156,1
1.240770729058842,0.505480997056751,0
-3.2952119853405515,0.41531189599793494,0
6.025282383892132,0.5924945016626673,0
-1.2107872529886436,0.6204069883516115,1
3.9325406079316254,0.6549178660973807,1
-12.700560323073656,0.3120360646677124,0
2.0583625966890384,0.508102597768854,0
-0.39145195491362816,0.562386888141247,1
2.498686297037163,0.6503123952324474,1
5.749511731004217,0.5780664806461979,0
18.502817079513203,0.8601407397776171,1
1.9800611485584982,0.45583054759046127,0
-9.193327353117562,0.3140078864409287,0
5.310124022239972,0.5217858659527821,0
-2.0856803496886354,0.5744311282630111,1
0.8214436400963443,0.6496223309437005,1
1.484442317276055,0.48719823251876204,0
-4.682781286902477,0.5993314212966806,1
5.259898280318712,0.6883729423933825,1
10.378632753193074,0.7465376182853368,1
9.432816151007966,0.6375709813565078,0
-3.161418399964,0.4067777667228619,0
6.406233931316621,0.7100012615198825,1
-7.4874797407766245,0.34802748887933077,0
6.319807462561737,0.7058618719705143,1
-0.28311757502525436,0.48296241454852373,0
4.141135689305706,0.5736576838002989,0
5.430705054934786,0.5530987019019363,0
0.11499476158982747,0.6212229626850359,1
-2.133658374892769,0.44493484204781997,0
-0.45081437891575415,0.5593402819680129,1
1.9187756661475897,0.5630060955330369,0
0.08461811539466524,0.4546044015651459,0
7.282953706353207,0.6100693153468564,0
-4.85648899349896,0.4076849673300065,0
2.19099971731512,0.49470248414504503,0
6.308930631701042,0.6810364725862813,1
-3.0111627047681706,0.6287001864307178,1
3.7017544523848143,0.6776590653953029,1
-5.283989431294501,0.49312892116153884,1
11.287700925042488,0.6680164599553313,0
3.6813146552362,0.7224119060439446,1
12.71550519470167,0.7365100705580239,1
4.120116312767271,0.6787890452301772,1
8.672429950152551,0.5399011008482072,0
2.148048186902132,0.45691522775471244,0
-1.8118444750789306,0.3808126645746208,0
10.65785684932176,0.6477579735341633,0
-3.3958016557617867,0.5846682742842617,1
1.3839234456049005,0.6490258726190732,1
-1.8015374791552592,0.5540709541520913,1
6.533187194504982,0.5691868421006437,0
-1.3759879319197288,0.48879552894044764,0
-0.9792628094470026,0.49074672015854337,0
4.455277571128093,0.7010329506823788,1
5.845081936650242,0.7291671713847934,1
1.074864300704627,0.6452511101766536,1
-1.898591852524735,0.5649990267732394,1
5.853293311699154,0.5699471445087414,0
3.8992084731899963,0.5272763875013438,0
1.78297950473309,0.6918883293036632,1
-4.17899108655736,0.5586225324288363,1
3.612935047237897,0.6051694125288053,1
9.218807881883716,0.5672384535610385,0
-2.773983919369104,0.41784279342086894,0
-3.7093736788647744,0.4338697777691225,0
7.388287437605611,0.6967102122497019,1
4.075016830943998,0.4853368749538305,0
6.030524223958672,0.7330264997763289,1
17.83263229662214,0.8103961908651385,1
2.01356879746696,0.539280424930871,0
-2.3445749809314123,0.5460660647679897,1
2.9460883880167676,0.4883755001011805,0
8.125422759104735,0.599158836632622,0
-1.4337288754082653,0.5538450373974396,1
2.648879841501189,0.6580252937630269,1
-1.9790382608562176,0.5857683356608306,1
2.141948464674966,0.4767970287642522,0
0.05409016595600091,0.580855099583469,1
-1.0311358700361364,0.45317498433876,0
17.924374738907012,0.847546145515542,1
4.774630810766628,0.6677862447290908,1
16.489720614607045,0.7706509756703723,1
-1.1498143184943475,0.4615574849107379,0
-0.028136375736859343,0.4914282264438728,0
1.4192707869156231,0.49299610013929646,0
6.605850953152728,0.594594356381174,0
3.980812519998851,0.5267875696450849,0
0.9688508244208001,0.548505904898589,0
-9.402373585422245,0.3036571968823977,0
-3.1310234282687937,0.5592778380293841,1
6.055370345550582,0.7018378510300015,1
8.502247132952903,0.6632471268023239,1
9.982682887005206,0.6656283586019384,0
-8.943154473768251,0.5146741247654486,1
-4.020202036777478,0.3855742967265412,0
-2.997217599777451,0.5973926813090579,1
4.573856851276913,0.6704355814591977,1
-2.523925136453231,0.6315487256236577,1
-12.168554226519245,0.3027429154624437,0
8.86643781739987,0.6892771933770964,1
1.2704496786016255,0.6471174151817538,1
1.0207205778278023,0.5365188029362603,0
-0.7501592828479331,0.6030251035460152,1
4.01083912970622,0.5509721199715232,0
0.4501428500959377,0.4879923007581757,0
4.667182527193823,0.5402213529186652,0
3.5946092134870207,0.5131313851588982,0
4.979263044996831,0.5827328868652077,0
-3.5333491206194507,0.4015553338334647,0
-3.344141715375608,0.43348778870849786,0
14.635363012453201,0.6526247052221151,0
0.6101885137573482,0.6529579219042095,1
8.603014959161882,0.552029721525012,0
7.512290567647322,0.5667082203172442,0
-3.5095171017098608,0.5144040676167342,1
-4.501846145556551,0.5667357746215217,1
0.8567023423494482,0.4518178084236179,0
-1.4818500849873768,0.6286652853804098,1
-1.6919107548740948,0.40611418671485533,0
1.8864556716903667,0.4580841635321248,0
-0.15664270878422482,0.5953375952675863,1
-1.6263486842089154,0.5041561320648096,0
9.163600948004188,0.7710449436177226,1
5.472925054310192,0.6777601871628244,1
-3.9588723739645877,0.49542901568888487,1
5.552716882302187,0.7218630248824712,1
10.688797557034697,0.5613153467567693,0
9.375867322441565,0.7743353716455266,1
6.939492366120097,0.5789290073704394,0
6.012221334945574,0.47739244913094037,0
-8.083248052219684,0.4703210777873402,1
7.991801661016653,0.6997433833651231,1
5.828897138269417,0.6425247613640457,1
-4.60909442820289,0.5276389768626187,1
-2.5033271423710666,0.4696120665007511,0
2.224982888518588,0.5866332894038645,1
3.913618238746908,0.49242594639768017,0
3.8505899388245917,0.46417671887570666,0
-5.899991571596107,0.3753376854573147,0
-3.511263067054899,0.4452581836719972,0
0.6682199169425733,0.4037269656257086,0
-0.40941872549497216,0.4875942588347827,0
4.799660394978668,0.5307581886304774,0
1.0809047229996358,0.44524134784072195,0
-9.347298217223452,0.4637279337975154,1
5.446769010823344,0.7432147292739976,1
-1.8650311480608819,0.459624101206343,0
11.154862275439797,0.6879215816853889,1
-12.140011256075612,0.3830233708180599,0
7.613140824303659,0.5816520537156221,0
7.364068047771579,0.7440295436682607,1
1.7394109299601732,0.4723047743148683,0
2.34744670828201,0.5981636069920723,1
3.520238941765288,0.4984672333109116,0
2.9528296802989806,0.5069761989394428,0
-5.316246109733713,0.5901674421794256,1
-1.7114884997578326,0.5824527010325592,1
-3.039955703445618,0.5286859464096184,1
3.330175909268781,0.6576597502664623,1
1.082720262523857,0.4818393482045384,0
8.70780996062104,0.5612573750633748,0
-1.6144717528008146,0.6517126235766518,1
8.664775938446812,0.5492296486006318,0
12.183801352966176,0.7528620836687749,1
-1.1101268657693204,0.4147265159846077,0
4.5351163089130475,0.45201403012275243,0
-6.3753826578497765,0.5143865763023017,1
-1.564348362476733,0.4022045945577919,0
2.5770589327316733,0.5326859390125692,0
9.060036597016568,0.5887273839121071,0
-12.968236635131579,0.3020844245168739,0
-4.245726435918682,0.3743402121465481,0
6.068696706419521,0.5380824411869684,0
19.266687538651137,0.6709864512324684,0
1.4048779072648456,0.4726883749701683,0
8.978345491927186,0.6654247173496245,1
7.464419262517359,0.5391331274305788,0
4.977288516724226,0.7135772636947609,1
2.667128462769154,0.6421838477751491,1
11.212731765708453,0.6420628664821196,0
-1.6641114668228232,0.3768787700925991,0
-0.8009170884644927,0.4482398317812591,0
-1.7954095256385152,0.6069879795290728,1
3.6965096158902595,0.6323706507780436,1
6.2464426106435464,0.6924609987833905,1
-0.11396264425774483,0.4009717356983466,0
-3.3297713279171957,0.5600645413581024,1
0.6390596397637609,0.6350265395287139,1
-8.061229054099774,0.3540350158105888,0
7.098709936890909,0.5662331834388834,0
4.23856255449604,0.60311655600096,0
2.587212828544689,0.675475685546845,1
6.62259447717329,0.5498550247868181,0
-1.6385963640210113,0.4502343766676311,0
-11.059212926981445,0.3081027120718739,0
3.9507752436951904,0.6696712662415287,1
18.652828378446102,0.6688708490436788,0
8.037285094185457,0.6181032543008813,0
11.50577798373596,0.7719962910621708,1
-5.605580681495185,0.5289660506360476,1
12.66669825042022,0.6205519648539104,0
7.85492437918989,0.6204924004858028,0
1.7015620888681502,0.5714683459358255,1
2.9558754186057614,0.4702180189140462,0
-8.91178381787954,0.514106627436672,1
3.5570123733189636,0.5080251297325952,0
-2.6889608134556564,0.4172051710676319,0
-8.006927801514667,0.5348282990752699,1
-2.9423698300472845,0.45258740313973633,0
6.438066332107249,0.6923438785859566,1
2.3385813047360875,0.7158530245063782,1
-9.524212499418828,0.5018467234695773,1
-3.6051636169594836,0.5299840184860332,1
0.6461312827042576,0.5020835015957147,0
4.051637673373791,0.5460434625094276,0
-2.81630629489681,0.5642182969749405,1
-3.592743247643938,0.40924907934268456,0
3.102825155975592,0.4976701783908752,0
9.733607655243324,0.7365791053957006,1
-0.9241755473304396,0.4303589549505673,0
3.733209170890495,0.6253298069118677,1
10.96639262539039,0.7313282284547085,1
11.223257815333628,0.6348795951355867,0
2.674802624679762,0.5895264085932466,1
9.477351882535359,0.6633303502002508,0
5.0746269406875335,0.6579168095443165,1
5.555211213725791,0.6829990302557916,1
3.9567736857617746,0.7008856782322029,1
-5.442494394616277,0.4323510664402981,0
6.323766545908384,0.7757741240212245,1
-4.029897761415504,0.5285437862102494,1
14.59413208158366,0.8035985075995061,1
-0.7557452289325894,0.3230898283512009,0
7.784146516134009,0.4902072931587264,0
5.885914766933214,0.6796493630337334,1
6.732047050444943,0.5161327525745363,0
4.137476395486903,0.6139471028127857,1
-2.5192359258451775,0.6490814518174671,1
-1.2106422916321757,0.37617411939660467,0
-3.009620447608513,0.44265856868991327,0
-3.278371414284541,0.6061692781319633,1
7.369310028318029,0.7566891176494731,1
-1.146328888422008,0.4434179582556401,0
0.1810138123217242,0.5042433467777047,0
3.816062852142731,0.5338804868199933,0
-1.1255676703048993,0.6678217352760019,1
1.3184494905154316,0.5119378997158928,0
6.168684605746192,0.6873928974924481,1
15.30820873864114,0.653505451462717,0
12.0997187470706,0.7826156235689935,1
-3.3568174573903535,0.359283996608475,0
4.9352609807459125,0.6668991057853719,1
7.701935708962523,0.6753877454943817,1
8.242224472896952,0.6217080393688529,0
-5.130993692078104,0.43349859671406743,0
4.055863226228469,0.699260951897982,1
2.1395360166101107,0.4859981699227218,0
0.7894586412627975,0.48039508645968526,0
8.71369663097625,0.5856107622796914,0
2.9710325906603874,0.4839436510206274,0
7.782830775902401,0.642156971677034,1
7.064747223860806,0.700805995656139,1
1.5488285721377588,0.475207408679275,0
-14.075842260346434,0.48212241659335286,1
-3.8140632329143465,0.5863367580209614,1
-4.2906969871433915,0.45141173615115165,0
5.843524545294581,0.5210616523520595,0
-3.1630040352780506,0.6015443059577584,1
0.7225762382874621,0.4997986497562038,0
2.1225785709789218,0.5181550486097537,0
-0.19353874174936925,0.615654841533351,1
8.112800093733703,0.585624295577146,0
5.76610104929281,0.6977711301885791,1
3.821603347142413,0.5465899646468254,0
-6.991262663530248,0.3513030456406638,0
2.6198260826419024,0.5369425447519338,0
-2.358473876065199,0.5816555575707577,1
4.810577969258917,0.5223518873999138,0
-3.6015436846967823,0.5166136085444235,1
12.327194685927914,0.7439193294437652,1
1.48852531563555,0.6736907644402832,1
4.517522540115461,0.7033620078030316,1
12.966002959906152,0.8147637116822295,1
13.409089829643014,0.6562392285027874,0
8.416713685159174,0.6855613444454361,1
1.5595954958627407,0.5001630997468668,0
-0.27930567317630794,0.5877202004279082,1
2.7385102617794184,0.46397367309334664,0
2.0765414742598143,0.6264657278793109,1
-5.068431491816303,0.426956643498816,0
1.2471381824187902,0.4894436278854987,0
5.941207183846199,0.6987693442051017,1
-0.1455633915963257,0.5673774974767593,1
10.160446782494411,0.7199161798411697,1
-0.6685104132478203,0.4949566543464921,0
-4.2033536837348935,0.5443962424643147,1
-0.7742837963762192,0.48473164984427025,0
-6.886216816260951,0.5201031251107058,1
6.587884817499692,0.6383302452973362,1
-10.991350158415585,0.4003801179477955,0
6.456580811003008,0.5354619467964773,0
-1.7972415265639299,0.6369021617364942,1
-2.746145181230993,0.5912780229640655,1
-10.000799018700143,0.5490491868932579,1
6.223950879258337,0.7261496286542652,1
-13.481958526282035,0.3190008056205216,0
-4.766200947844307,0.47068349634438583,0
5.957388412710248,0.702820463379039,1
8.734501643396017,0.5601081002324623,0
1.939367345728202,0.6360161470576493,1
3.176462003113669,0.5450568540738631,0
0.42708524909693146,0.5914114911082221,1
4.318104701409489,0.6625669878916817,1
-1.581111163502677,0.4005992716956591,0
10.034754993807255,0.5709688193234417,0
-3.1894334092048995,0.41801962567640044,0
2.071220874464407,0.6144903260400193,1
0.810767498694049,0.6108991078260613,1
7.48210760453312,0.7342246765724714,1
-0.2629135352267782,0.4233689572283844,0
4.528873372329311,0.6118898187574865,1
3.706077469834227,0.5073880844020813,0
4.197943160820971,0.7027320295952475,1
-7.824907543140997,0.42150582131886216,0
5.262028915528505,0.6868624237360846,1
3.684039813358231,0.6299492171049712,1
0.8114189073557816,0.4474401974801631,0
0.8811599884792101,0.4450217592536808,0
-8.479111685375768,0.3557681890086002,0
12.1287365654091,0.7310159718783389,1
-4.1381907242847005,0.4359486308386334,0
-5.492756763252139,0.5800154503062802,1
-1.2512385015838832,0.4640551030728955,0
-1.4992680085945311,0.41562571957748734,0
-0.6415572400915996,0.46562014267538465,0
0.5525350270810236,0.5361210316477708,0
0.48195543703614074,0.5773831512181198,1
1.4351414258531052,0.590105576204103,1
13.275821652416784,0.8173783705183225,1
4.025866355703556,0.5066256956354311,0
8.912478916623456,0.7271239834157265,1
3.716730807575507,0.504547351393694,0
-5.172240912337246,0.3990895354831268,0
9.934717641139567,0.7745765645503222,1
8.196307751973386,0.6986310592690347,1
-0.12363510578452264,0.6008258628183885,1
5.479210362479687,0.5290347618011529,0
0.16813145695909215,0.4847591809684716,0
10.474935906642523,0.5672322639390912,0
13.734078586691775,0.7759735361721459,1
-2.38190985192802,0.5396892234209867,0
5.885672731928016,0.6955204217528163,1
-10.505083237543195,0.3764458444170193,0
-1.4574465054142967,0.4808385602304752,0
2.787657261266307,0.6685946227927441,1
3.1880370771389552,0.49439754064588337,0
19.597041747757146,0.8397398328635138,1
-2.881611945773125,0.5875887786201193,1
0.6427771960230482,0.6747478498390708,1
5.157370267049248,0.5431786808610947,0
11.34556676439892,0.5906621617086091,0
-2.6456785262017686,0.47919865321369726,0
1.7248826770593402,0.5828702785652946,1
22.999122015507517,0.7924485915245564,0
-2.2880238614721025,0.47275503932829516,0
-4.961151593099281,0.5498757779626354,1
4.2001124742642,0.5603723405323768,0
-7.480459551725582,0.4904072458138034,1
-6.478623059366424,0.5589988970691738,1
6.112706128305406,0.5249135573300574,0
2.967485900879774,0.67181196506356,1
-5.702923884376656,0.548275163205996,1
5.91339606527071,0.570183345098917,0
1.1811692414035726,0.5557013589554585,0
5.384841578124028,0.679644993393693,1
9.524672645498416,0.525853549070684,0
9.60088652320741,0.5752380820733355,0
-1.4470026790470105,0.4284486395485806,0
7.80754103613284,0.5772744984449758,0
-0.02462276095526139,0.44556136965378834,0
0.33937442263664774,0.40666036812729295,0
6.660888617191398,0.6717974536085072,1
9.197774315958757,0.6813348512838298,1
-0.9550021178228434,0.6065867613582768,1
-9.859400293242311,0.5133931694838546,1
-0.11185691915372287,0.48728348122774184,0
-3.667263691615381,0.42811087606207604,0
-0.8935831899150499,0.489347175548643,0
11.657867648279273,0.6642311278174013,0
10.25177571728388,0.648667639269722,0
-1.1180364250150654,0.6069747422049429,1
1.3385183697668834,0.5402688151849502,1
1.433529469916155,0.6210445734144155,1
8.615673043904874,0.578130375731121,0
12.434595277175061,0.814015806797988,1
10.322579763073444,0.6444643830708094,0
9.362729837873685,0.7649641118014372,1
7.268366744720974,0.5695260844988332,0
-2.4230312437371913,0.607951389989763,1
2.433944636424992,0.5455547484252112,0
9.957427188966722,0.701224119980315,1
5.854929433342871,0.5622935567279997,0
6.171812750605282,0.525086836349081,0
-4.1948413504985,0.4784979285086959,0
8.862076098006833,0.6224515164873016,0
4.0968299054442205,0.5640755475365307,0
1.9704570769660341,0.5935136590897049,1
10.750485440540572,0.5794513458002089,0
-1.8130188785371963,0.5435068565172004,1
9.399696035418945,0.7507679841598175,1
2.345204091583561,0.48045821320563203,0
-6.84725166868018,0.40148662397391166,0
-2.1932909996047645,0.43075410484567545,0
7.387671193815169,0.5694667831504536,0
1.9493338810541279,0.5036883948079581,0
-5.023414356901558,0.4493627492516751,0
6.5572766946841385,0.6854436061298967,1
0.3810466506841039,0.6123361096599957,1
6.338354631598914,0.6817962694254398,1
6.7786763046098395,0.48980892328718356,0
8.959156456244905,0.5556927507600432,0
11.394295897718415,0.76411345072928,1
3.05869293246265,0.6700653088425149,1
0.3259880982697667,0.5351585826085117,0
-1.5192840707477666,0.6435749194794085,1
2.292238439763481,0.674219921306482,1
7.453586483560954,0.5733044904881497,0
1.721028060576177,0.6207652025774878,1
4.723229587645382,0.6225144923028162,1
-0.08276944620399318,0.5279118110854119,0
-5.831844355979079,0.38886899856201185,0
0.2826366864409877,0.6049884477680662,1
0.624496215841432,0.610180879735502,1
2.7220690882716294,0.4401685201473457,0
10.063625052596494,0.5788232811270357,0
3.5570953871152615,0.5032225695519631,0
6.907029095678764,0.6845083959523586,1
-1.5814445686548906,0.3725009328797276,0
0.8569710855745756,0.5114352010770632,0
0.9158971879946123,0.46795053964072586,0
3.1235344269557284,0.6571275020057412,1
3.210327328646353,0.5166912692827161,0
-1.2351392705177124,0.41411362697165965,0
-0.21705243150823916,0.4586950371756136,0
-1.5081741131768016,0.4352693816276612,0
-2.924386416460133,0.43785196923969033,0
1.1781647380927431,0.5527623769763796,0
-1.95534194382022,0.5664125990928369,1
10.673291677076335,0.7277781006230974,1
5.817573683322031,0.5241663718602426,0
0.3891166291799899,0.5730083245075988,1
-7.696362052666151,0.476060210321938,1
1.832957329316586,0.5388271507026698,0
-6.372669664579869,0.4386580139443661,0
1.3931847488920397,0.530620397670438,1
18.131700296155653,0.7235646505968413,0
-0.9876917267435688,0.5943635683434919,1
8.365201538444499,0.714885112380446,1
1.830522899593979,0.6209696786855425,1
-8.497603539450958,0.5238918977791659,1
5.583701416531219,0.553838304717511,0
2.727275118526008,0.44752234339554914,0
2.091355118321852,0.5647353886593608,0
-10.226263449205902,0.4547330791371335,1
-10.298406506757983,0.4897845062965011,1
6.267900123249747,0.6485035552990295,1
3.2651286327702778,0.49473109732276194,0
15.932463726274623,0.6864887975142056,0
2.7100729563539154,0.6599838719449334,1
0.923456104292574,0.4245224216054955,0
9.899648361338546,0.6562023437643753,0
-5.222237969145171,0.5328947796978565,1
0.9236957728165127,0.5933473555305312,1
-2.264382351193656,0.4269710974481078,0
5.318247539681101,0.48384209272778395,0
-1.1657781224384807,0.5926605659367346,1
3.0594845674648203,0.4157868405009276,0
7.0242781774064635,0.5325243014738126,0
2.719469979455138,0.4944625477674902,0
7.040415891773426,0.7149037016445705,1
-4.367072400175459,0.5607000493404999,1
11.371627721785229,0.5490350028776484,0
-0.8819388022855086,0.5642760635368667,1
4.175038717740122,0.42476482683361394,0
8.826351348931471,0.7530388242640857,1
-8.497334629908073,0.4779297539628096,1
7.803290498221166,0.7476379645865174,1
-1.9039188364749844,0.5611775950306506,1
-8.869284753313963,0.3352311642893489,0
2.072284595069631,0.5450261795581852,0
0.7818204734210374,0.5236633056373011,0
14.331771706883902,0.6603204037985013,0
-1.7877952748311605,0.4636545068944653,0
2.019944865852513,0.6177417096591131,1
3.009389481249598,0.6858201488514631,1
6.331055831899606,0.4833275092825747,0
-1.5138407199775852,0.5605947445421973,1
0.44973446082562196,0.4789737332973193,0
14.35968287368633,0.7941746180819033,1
5.115098298194445,0.6734854018578392,1
6.148155972596914,0.5188934120173444,0
-5.381850898949799,0.47478535652416065,0
-9.089748687246251,0.476348056281134,1
3.38173676678159,0.6769379592817586,1
4.12705487435163,0.5793309060171918,0
-2.6051216952304967,0.6206080285204199,1
-0.7485276730617341,0.6282284915624436,1
1.2523517032014584,0.6233984598864517,1
3.9319872790891908,0.7018205811618398,1
8.549243527245526,0.7089110974603272,1
-4.322193635982353,0.41608672396257457,0
11.850676073669218,0.6423301349933184,0
5.946547279883046,0.5289689023240849,0
3.8724000383515085,0.6780609780393301,1
-2.064753784887772,0.4828603685510886,0
-7.286488753686143,0.31417884882305,0
12.147962633892442,0.6450584092435739,0
-7.001707570630648,0.37861272019798514,0
3.921826890103718,0.6907533424076492,1
-2.632229778482202,0.6264463699745642,1
-6.106138896407682,0.5887004138034022,1
3.610659339347995,0.6402422906937056,1
-0.4930497236872955,0.4651629382888083,0
4.172053326595918,0.7417472467079811,1
1.4579834276149473,0.6351760478579285,1
-10.233718729969121,0.3360062361395918,0
-5.019035436976583,0.5309726709967133,1
-5.58092372506594,0.4199068164348123,0
-5.090183118687821,0.5725170531491315,1
8.520495211009422,0.7225144888264945,1
7.145607059406291,0.7367150234568804,1
18.308642023611036,0.616604799980239,0
11.492983616424738,0.5593286228030864,0
1.955784311136246,0.7216616333950953,1
5.321076902895976,0.6020677125555629,0
1.228602192068511,0.4469617816331582,0
6.585083065704216,0.7293176471845328,1
-8.425749580742904,0.34800602606830133,0
3.2030559801500287,0.5407458862364269,0
4.766055998381725,0.70121887500503,1
-1.5508340816829032,0.6061014579273685,1
1.23199654908918,0.5935399892384614,1
2.211490461367168,0.5194312946095578,0
-2.068905610755527,0.45607210673233745,0
-0.6505272328609459,0.5703092842965279,1
-5.8302192965983775,0.5500498649682574,1
6.685881772142065,0.5221838178445843,0
-6.292198098523224,0.3703793851132926,0
-4.401782093090479,0.3921941345935298,0
-8.032937075883375,0.33247900271588887,0
7.941562021088929,0.5816134916721224,0
2.658645722781384,0.47307060486644187,0
9.49299539609198,0.7450083172026899,1
9.219355908430561,0.718846381992679,1
2.622686409352641,0.6622525561933926,1
6.940028860443743,0.5670832329560002,0
0.14677030120575907,0.6068266925457878,1
6.464088823025525,0.6690593485616672,1
6.635928970296945,0.7664201434378812,1
8.814477306009913,0.7182585452773778,1
0.3864141546332558,0.6290702386974472,1
5.469456467553291,0.5179346518637158,0
2.4920148664877497,0.6787886344721404,1
6.51785892160289,0.7422827353351761,1
12.793503456470264,0.6269647134711345,0
-2.8648693437723836,0.626517508047901,1
19.876525602894286,0.8848679133761873,1
-1.1932448766163328,0.46653877510574204,0
14.476364991499675,0.7921588136781718,1
10.469709444754429,0.7714099219864106,1
-7.716675356275671,0.5336912976341506,1
1.8968739277514817,0.651775460630282,1
13.75027568153612,0.5877308984526894,0
-1.8861189668619476,0.609034965686825,1
8.758754866202619,0.5826792306582183,0
-2.6407132438466476,0.4134823510331773,0
-7.584909742938342,0.40388717245951594,0
11.451404712853575,0.6267611208974785,0
-3.5176555463201957,0.5877396358181557,1
0.9784927708821534,0.38899836546108363,0
8.819919226021554,0.7468430105147223,1
6.830328562490909,0.6761745797544718,1
10.597741519055292,0.5703725818200199,0
0.7977401251894032,0.6408560956186214,1
2.321762681483094,0.4980945083468894,0
2.3209120111585553,0.4967094316842124,0
2.6549785476437684,0.4261964766177757,0
4.624426383569352,0.4675456783162135,0
10.900273147345949,0.5980400378754441,0
5.303172169078508,0.5663210572083088,0
0.2150130899918392,0.41706075187024855,0
13.903356696052303,0.848545168343813,1
0.35910967602176624,0.6336837240673652,1
-2.286081259280069,0.5685218116487611,1
-4.026614295845147,0.47094236083636587,0
3.3121110920820014,0.7266844823792642,1
-3.801162799524004,0.4386948573040958,0
-7.071617919291862,0.5080559532856146,1
2.35815496718923,0.6288834107120437,1
2.5510773376580222,0.4483145200807554,0
10.420992315329682,0.7361529819124133,1
12.382173969929555,0.7922281518657242,1
12.517817049598754,0.598334082715718,0
-0.9602370018872941,0.46389697864276547,0
9.284728340709172,0.7263478004922915,1
-1.7528901109130492,0.529669564770381,1
0.4076979640308558,0.4443773427211244,0
3.5945632597034534,0.4531635797242062,0
-1.2779799799476796,0.42798652576437535,0
9.48786332135006,0.729548245484789,1
-2.7027702533777767,0.4781307448617397,0
12.109125462054484,0.6372305752031739,0
-3.8285345579607757,0.594605794459963,1
2.847306319106983,0.6442453322360123,1
12.868834891165129,0.793482335564616,1
7.810602410557786,0.5875721862244051,0
-1.713925882840253,0.580972500255894,1
-3.527865380035343,0.5565137279934066,1
3.235191887778043,0.6515983540937549,1
4.595107680402282,0.6978338650372788,1
7.044001935007339,0.5251578948174674,0
-0.7839585134392233,0.4047612973114515,0
-2.999271761379469,0.38333221471035656,0
4.062985692697924,0.5436484949941278,0
5.301844559578183,0.7019745991269561,1
-0.5473467579515074,0.5925606232529751,1
0.5788013088701929,0.6004746797294606,1
5.556634998356917,0.4825579081500402,0
10.336152827830166,0.7998337031466756,1
10.416068283422028,0.5479029749339772,0
-5.756563674790678,0.39605358074004005,0
14.175906582315376,0.8288074437741473,1
2.584896585754297,0.5384569025941446,0
3.912313319916453,0.6149787380221639,1
-2.10191035992285,0.44064135338424465,0
9.23623543475681,0.5949916349711708,0
2.9245565478632787,0.6806127280753305,1
2.6609644707117197,0.7145582713053346,1
1.2947305805279081,0.6016542483147618,1
3.563226287587447,0.6799808357503925,1
0.008555437082045092,0.6870114334734222,1
15.389785972025148,0.6967585237581128,0
17.444050784782995,0.8724941697207602,1
2.8968394572287295,0.4711909577201852,0
6.781500923544178,0.5318910668627816,0
2.7103063143978217,0.4391815452230575,0
-1.8347148028258822,0.5304595659654741,1
6.001056375280369,0.5861132162880214,0
19.06908604136347,0.6780484627861265,0
-3.976478298483002,0.39809755952937687,0
0.4336174228667957,0.6135476519784663,1
0.9578196516940907,0.5006665391445931,0
19.169933918045206,0.8582483213233617,1
0.44997627542004803,0.6649525222065276,1
-6.80459063610707,0.39109696053382387,0
1.2662186429806142,0.6613875344754558,1
1.2852381497140544,0.49574486867284856,0
-7.384697566366116,0.5361322591909319,1
3.3318707027516976,0.6311928811417802,1
-2.8061983574498015,0.6054977885196138,1
-1.1084456752232525,0.5706653414829274,1
0.6519281479970351,0.633522904562947,1
3.657346163855773,0.6158571531995728,1
1.8868066274813535,0.471293343950766,0
-1.5351681955269703,0.5818544473135708,1
1.4881775930263148,0.6196119163538398,1
3.0038962704524614,0.6403047483848201,1
6.98722097492346,0.7505833774105992,1
-0.7325221652420848,0.5610285719042849,1
9.396912736381099,0.6863247230492916,1
2.632245129779788,0.49750486306597524,0
0.973237483074562,0.6716105579073548,1
4.526241698836012,0.5103306990672999,0
0.30088555464130007,0.6397380593426466,1
7.86061955475462,0.7400604745317214,1
-0.7571420264436979,0.44112192029796027,0
1.8409466946776534,0.4939750923321785,0
9.406389739830425,0.7048521722831401,1
-2.4547077701699287,0.5969613305237873,1
-9.429209966999453,0.34471727663677326,0
-2.2260300601406895,0.4193466223741964,0
1.0948911300229291,0.49936300769483705,0
5.346686704764548,0.6411355353291441,1
0.39793091695032734,0.5001879526454033,0
4.039162959224174,0.679839816933843,1
-7.728104309496004,0.5184631511905942,1
8.905845319325277,0.5689602437120356,0
1.173780192609364,0.6508047343595498,1
-0.4685873452266591,0.6671844905052616,1
-12.758373053545204,0.4315363454570034,1
1.2914038880954661,0.48325124071974956,0
6.246246392418726,0.5773733033336719,0
3.5130653642160103,0.6389274654291307,1
7.143359046914155,0.7051411939230317,1
-7.871718499080677,0.4941194004464845,1
-5.203276815843675,0.5718562797574803,1
2.2840969994400386,0.5245239613985476,0
4.783462750247604,0.4875538943881741,0
4.395299359801021,0.6754655030385093,1
7.326477267880765,0.624141299334625,0
7.742777298681112,0.5853380592199777,0
-9.179630693057032,0.39184238748061817,0
1.6553457879623164,0.494832774979128,0
14.014625646053243,0.7843803540701055,1
4.264186899099814,0.6421708006754345,1
-3.8132499016621084,0.5234849325287056,0
-6.306834328675025,0.5487584896990017,1
5.359565332174171,0.6214405250665832,0
-0.6620366068403256,0.6599487214906953,1
-0.6120328635463688,0.629698944789768,1
6.227845422489375,0.5165586417320898,0
5.247858823127558,0.5452780473342071,0
10.051107930410108,0.739332098462306,1
3.2382116688949063,0.6816977204711381,1
6.354811035451554,0.5547940662351402,0
6.035098825862462,0.5308509009766017,0
-6.677414185306002,0.35137056171586734,0
7.752422480053249,0.697179566347884,1
7.456664200574262,0.7363706796526275,1
6.759651997205481,0.543380053173504,0
3.4602331858874766,0.49120238554388385,0
7.674742622837049,0.7148015668661689,1
-0.7955825407523789,0.5859946895842463,1
-4.959641618165358,0.42334525736725664,0
-11.23032506431605,0.4845948016179477,1
0.005079582478094924,0.4836985181983608,0
5.404877916939917,0.5663563752132865,0
7.195668177927901,0.7258521706375911,1
-3.4344558705060644,0.444066555622316,0
10.09119324340655,0.6067133553686566,0
-3.9361362975169305,0.5599520011816511,1
5.346739190872263,0.513562057599381,0
4.010977198062336,0.6818558262842502,1
2.010299290963922,0.5243299272806168,0
1.128506098660054,0.6716523646930622,1
-0.5486947645467941,0.5988558207023043,1
-1.3373345080506587,0.6085117958807389,1
6.466088697198096,0.48549482661281745,0
9.39109768632907,0.7638815530236779,1
3.338418863947612,0.6949347222591654,1
13.273111951438853,0.6366235996586699,0
-1.978049782030551,0.41020159192833405,0
-1.595669035276699,0.39495849979047576,0
5.485240362404529,0.49881412115846013,0
11.019545446100064,0.6408427344351791,0
9.47180876258627,0.713055190225835,1
-4.919328356484101,0.5441924681718939,1
-8.251001013090654,0.47773191478737154,1
2.836505154273613,0.6109464904109575,1
1.5836594438708895,0.6377010007289885,1
5.595948209484975,0.5017814817393316,0
6.773568228035054,0.7022104635037497,1
-0.9715588438600027,0.6156209187794452,1
8.440815010687832,0.5793521318120947,0
18.49821162789328,0.8604580544760884,1
3.2935872859802036,0.6483272394188565,1
-1.2776219504271813,0.6363103661303678,1
8.90037891377266,0.6385102553284387,0
-3.312878334851395,0.43760404594933544,0
-7.166658750081005,0.3612158356484544,0
8.162487037479707,0.7352074199778346,1
-1.4313291281687364,0.6139276200042169,1
-5.264994967549892,0.4457078637897064,0
1.428243434349389,0.5365858167549753,0
3.774341474639488,0.6661593340471583,1
4.264192874994232,0.6819427375170977,1
3.7313454608982206,0.667660732116807,1
11.044360252016697,0.803557115473426,1
2.712785456761853,0.6365822160121252,1
9.279511684252142,0.8380265849058552,1
0.0435146673537985,0.38115404972815675,0
21.597152952080663,0.8822068904992484,1
-3.002572487160136,0.4136949917778724,0
1.7432773837277447,0.524944445084964,0
-7.884569545797461,0.33449451089510396,0
-10.779915795812009,0.4927399164319435,1
-1.0137764013174873,0.6385596403186897,1
5.88795159076475,0.7527122910530782,1
-6.837851341703351,0.33448690750346083,0
18.705536606445804,0.8593167297795021,1
4.704915394374867,0.5399087058211931,0
-3.1296516768498774,0.5430299615590474,1
-10.537559517963428,0.29431340018124963,0
3.6173337057933956,0.7187181598419421,1
2.7533489803186812,0.5537523020376637,0
5.324386930020529,0.5050254638865205,0
6.8935707949750205,0.7193882383555242,1
0.5856319700366404,0.5027388256419016,0
-10.507223269301857,0.5273977330994842,1
1.0793810924320235,0.44927075349660883,0
5.890087514098854,0.6638056125535042,1
12.017023107908967,0.7420870357238806,1
-1.393946763854768,0.5587634438791552,1
12.20315451707513,0.5761129447430123,0
-1.0399481118014338,0.4175406622279801,0
7.7341782092772,0.7123795372128241,1
3.160520267038646,0.6642249946200175,1
9.33766725586392,0.5482335941152137,0
0.45604268938809467,0.629669871360391,1
5.445946448614242,0.6921560984854266,1
-10.102112362517753,0.5195839207828573,1
5.512271623418155,0.6567378929662425,1
7.470445619196837,0.6091948213487295,0
3.671804689177007,0.519236955809106,0
15.018521647602043,0.7800340108377443,1
0.5475206611157242,0.4154123844356566,0
2.6722766983011232,0.5351493964915068,0
8.09007318899257,0.5644387284200383,0
0.4565557546976726,0.6333797886132043,1
-6.651404849757212,0.3786617527250911,0
-1.9157781186582943,0.43089268892422233,0
1.4037988445845295,0.6276728656749991,1
2.240761585475886,0.6821922982781566,1
0.6742561920542463,0.6179751485963179,1
-6.94071125183269,0.5415804632570655,1
12.583781117745927,0.6472344328417314,0
5.283143475203104,0.5301658290509377,0
8.000729564367507,0.6789668429398694,1
3.889484803707297,0.5047421813632541,0
-4.204136847180475,0.4686321915967171,1
-9.925997241197233,0.3434331326469401,0
-0.6199346907629719,0.45446709105379385,0
1.0101833029701324,0.4541236729052856,0
-7.306667296555242,0.4127176343297909,0
0.09568744551272435,0.4483595660808235,0
8.759373599691441,0.5449784411392873,0
2.5356878201919253,0.6268024958955903,1
4.5229604154532606,0.6699207598645652,1
1.982421998502534,0.49702675433178756,0
-10.12033532576917,0.3822985125961026,1
-10.067512570716392,0.5116836572073304,1
-8.150296628156095,0.3830994603034111,0
1.8695269620228696,0.5099198856736017,0
6.298643743719589,0.5577944946297033,0
9.009719375169356,0.7791930662819314,1
-2.024151378935671,0.5680581749006437,1
2.5222726240883993,0.5412327753432981,0
7.929040716794341,0.5431011954657734,0
-11.118260659889541,0.3569068935832782,0
-9.418488481044227,0.4464616507137423,1
4.204195484706492,0.4959328283011141,0
8.924648559203385,0.7281248858329723,1
2.36800418624904,0.6401935951562401,1
3.369721772675007,0.6271819798719122,1
11.401541913768291,0.6387657700577876,0
-0.6048735378290071,0.4352084401614533,0
2.0471643153423527,0.5112274717409381,0
-0.5125277254332783,0.5944735111620357,1
12.52980855855196,0.8418340537026598,1
4.44665731162759,0.5165843220042675,0
2.0443051181751293,0.6518067120136088,1
-0.5660934962580595,0.6415982551943199,1
-3.864609460668773,0.44084107504893594,0
-2.5619010432493523,0.5600599882438263,1
2.46685668976133,0.49792470674848793,0
7.675806527908314,0.490718498783694,0
-5.656815211493759,0.3742424406504941,0
1.8918745668720762,0.5087425691213954,0
-3.7998931025863225,0.44801054354160214,0
18.970582549429842,0.8488419700845997,1
0.46774493777258686,0.4596804541372256,0
-5.386063049637674,0.5536194645642625,1
5.814693392928401,0.6860458147072751,1
-2.71876278153687,0.6154251861380755,1
2.808632047015294,0.7035387434061167,1
4.479952524252605,0.6747736858806397,1
-2.0011446073413195,0.48349955271852246,0
0.21252789627710866,0.49421591968202117,0
3.1333400037428074,0.665117457172141,1
6.619715401318618,0.5686027812415708,0
-5.127035550185421,0.5271795338978174,1
-3.0312187319721735,0.6038345959257496,1
9.273132047377649,0.5676035295474221,0
-3.896461194464905,0.5226183975006846,1
1.1512938629743277,0.6597278306477113,1
2.9057917887669458,0.4934487324190099,0
-7.328996244597345,0.4969487755486085,1
8.052484089348091,0.748638517791572,1
12.660148548632868,0.6198043629791031,0
9.779688577035738,0.5777103333275511,0
13.204762049878715,0.5797275748388248,0
1.7078209669517892,0.5052798499372099,0
-1.4333653321332078,0.5063502967667195,0
-2.8669408711186524,0.6623548692172326,1
2.020270667075859,0.5179448525476666,0
-0.053423988093879604,0.6189386412587026,1
-2.1703970282001004,0.4355630775086417,0
2.538766310577966,0.4708394381854661,0
-0.8801183326540354,0.5763664824800036,1
15.919520151707978,0.8392285132679478,1
5.139529119857281,0.6934260870708445,1
-7.831234636139049,0.41139303188063286,0
7.046624399799142,0.6804911139317725,1
11.175951727224964,0.6654940183577278,0
13.890649517324361,0.8115650864695703,1
-11.34988697935605,0.3554594817260321,0
13.714199548531717,0.7455574522160107,1
-5.09237444120345,0.42832300460274597,0
-0.8069554700343784,0.4789477062699784,0
-7.496665561036224,0.5609345839441521,1
2.7884188046774283,0.4950017736996748,0
16.241543210916035,0.7918030427036217,1
-7.252273318877236,0.30717429820939784,0
6.614809691536919,0.5686559971633635,0
3.2312909161057966,0.5197864740679535,0
8.877792704976436,0.7991092145602408,1
5.323579859362818,0.5284315279977185,0
9.562066658551181,0.6945805363970614,1
-4.8855898509769435,0.39868787616128065,0
-8.456401064485677,0.4341608927165546,1
-1.071331968974595,0.6414103235110351,1
-1.9764648107346412,0.46393214167990404,0
4.3448858080979615,0.7283274929988158,1
2.6960319879044916,0.6846124888537144,1
4.019785661335438,0.5322486439167734,0
9.897934631098959,0.8440210977822823,1
-0.4301779082562218,0.6617095411032403,1
8.362396758100687,0.575382209047864,0
2.057464604260689,0.6033898791521058,1
8.183821637622676,0.7680792398221227,1
5.111618109810548,0.7154079392355899,1
0.7504192270130425,0.4488855794770451,0
-5.23557091520863,0.562460269770571,1
6.127915472057578,0.5646819097498916,0
3.960769292698057,0.6168785222847835,1
11.65707247818349,0.6921993595986466,0
-0.6934374481410739,0.4294742107433381,0
5.367236429413374,0.6344868535348416,1
12.607630112035752,0.7600011575741792,1
-0.26199849647055995,0.6011821193908349,1
7.559860102386115,0.7154922080111343,1
-0.7452806966776038,0.6186116195069679,1
1.8803390120138777,0.5964384935465032,1
11.678035612048768,0.7651492695014492,1
